{ "emnbasket": { "pageemnList": [ 
{ "pageEMN": { "link": "https://emrdc.org/websearch/research-and-training-for-Kanyakumari-Tamil-Nadu-students-and-professional ",  "title": " research and training for Kanyakumari Tamil Nadu students and professional "} },
{ "pageEMN": { "link": "https://emrdc.org/websearch/research-and-training-for-Thenthamaraikulam-Tamil-Nadu-students-and-professional ",  "title": " research and training for Thenthamaraikulam Tamil Nadu students and professional "} },
{ "pageEMN": { "link": "https://emrdc.org/websearch/research-and-training-for-Padmanabhapuram-Tamil-Nadu-students-and-professional ",  "title": " research and training for Padmanabhapuram Tamil Nadu students and professional "} },
{ "pageEMN": { "link": "https://emrdc.org/websearch/research-and-training-for-Aralvaimozhi-Tamil-Nadu-students-and-professional ",  "title": " research and training for Aralvaimozhi Tamil Nadu students and professional "} },
{ "pageEMN": { "link": "https://emrdc.org/websearch/research-and-training-for-Tirunelveli-Tamil-Nadu-students-and-professional ",  "title": " research and training for Tirunelveli Tamil Nadu students and professional "} },
{ "pageEMN": { "link": "https://emrdc.org/websearch/research-and-training-for-Thoothukkudi-Tamil-Nadu-students-and-professional ",  "title": " research and training for Thoothukkudi Tamil Nadu students and professional "} },
{ "pageEMN": { "link": "https://emrdc.org/websearch/research-and-training-for-Rajapalayam-Tamil-Nadu-students-and-professional ",  "title": " research and training for Rajapalayam Tamil Nadu students and professional "} },
{ "pageEMN": { "link": "https://emrdc.org/websearch/research-and-training-for-Ramanathapuram-Tamil-Nadu-students-and-professional ",  "title": " research and training for Ramanathapuram Tamil Nadu students and professional "} },
{ "pageEMN": { "link": "https://emrdc.org/websearch/research-and-training-for-Karaikkudi-Tamil-Nadu-students-and-professional ",  "title": " research and training for Karaikkudi Tamil Nadu students and professional "} },
{ "pageEMN": { "link": "https://emrdc.org/websearch/research-and-training-for-Madurai-Tamil-Nadu-students-and-professional ",  "title": " research and training for Madurai Tamil Nadu students and professional "} },
{ "pageEMN": { "link": "https://emrdc.org/websearch/research-and-training-for-Nagapattinam-Tamil-Nadu-students-and-professional ",  "title": " research and training for Nagapattinam Tamil Nadu students and professional "} },
{ "pageEMN": { "link": "https://emrdc.org/websearch/research-and-training-for-Kumbakonam-Tamil-Nadu-students-and-professional ",  "title": " research and training for Kumbakonam Tamil Nadu students and professional "} },
{ "pageEMN": { "link": "https://emrdc.org/websearch/research-and-training-for-Cuddalore-Tamil-Nadu-students-and-professional ",  "title": " research and training for Cuddalore Tamil Nadu students and professional "} },
{ "pageEMN": { "link": "https://emrdc.org/websearch/research-and-training-for-Tiruchirappalli-Tamil-Nadu-students-and-professional ",  "title": " research and training for Tiruchirappalli Tamil Nadu students and professional "} },
{ "pageEMN": { "link": "https://emrdc.org/websearch/research-internship-for-Salem-Tamil-Nadu-students-and-professional ",  "title": " research internship for Salem Tamil Nadu students and professional "} },
{ "pageEMN": { "link": "https://emrdc.org/websearch/research-internship-for-Coimbatore-Tamil-Nadu-students-and-professional ",  "title": " research internship for Coimbatore Tamil Nadu students and professional "} },
{ "pageEMN": { "link": "https://emrdc.org/websearch/research-internship-for-Vellore-Tamil-Nadu-students-and-professional ",  "title": " research internship for Vellore Tamil Nadu students and professional "} },
{ "pageEMN": { "link": "https://emrdc.org/websearch/research-internship-for-Chennai-Tamil-Nadu-students-and-professional ",  "title": " research internship for Chennai Tamil Nadu students and professional "} },
{ "pageEMN": { "link": "https://emrdc.org/websearch/research-internship-for-Pallavaram-Tamil-Nadu-students-and-professional ",  "title": " research internship for Pallavaram Tamil Nadu students and professional "} },
{ "pageEMN": { "link": "https://emrdc.org/websearch/research-internship-for-Ambattur-Tamil-Nadu-students-and-professional ",  "title": " research internship for Ambattur Tamil Nadu students and professional "} },
{ "pageEMN": { "link": "https://emrdc.org/websearch/research-internship-for-Kochi-Kerala-students-and-professional ",  "title": " research internship for Kochi Kerala students and professional "} },
{ "pageEMN": { "link": "https://emrdc.org/websearch/research-internship-for-Thiruvananthapuram-Kerala-students-and-professional ",  "title": " research internship for Thiruvananthapuram Kerala students and professional "} },
{ "pageEMN": { "link": "https://emrdc.org/websearch/research-internship-for-Kollam-Kerala-students-and-professional ",  "title": " research internship for Kollam Kerala students and professional "} },
{ "pageEMN": { "link": "https://emrdc.org/websearch/research-internship-for-Kozhikode-Kerala-students-and-professional ",  "title": " research internship for Kozhikode Kerala students and professional "} },
{ "pageEMN": { "link": "https://emrdc.org/websearch/research-internship-for-Kanhangad-Kerala-students-and-professional ",  "title": " research internship for Kanhangad Kerala students and professional "} },
{ "pageEMN": { "link": "https://emrdc.org/websearch/research-internship-for-Mysore-Karnataka-students-and-professional ",  "title": " research internship for Mysore Karnataka students and professional "} },
{ "pageEMN": { "link": "https://emrdc.org/websearch/research-internship-for-Mangalore-Karnataka-students-and-professional ",  "title": " research internship for Mangalore Karnataka students and professional "} },
{ "pageEMN": { "link": "https://emrdc.org/websearch/research-internship-for-Udupi-Karnataka-students-and-professional ",  "title": " research internship for Udupi Karnataka students and professional "} },
{ "pageEMN": { "link": "https://emrdc.org/websearch/research-internship-for-Bangalore-Karnataka-students-and-professional ",  "title": " research internship for Bangalore Karnataka students and professional "} },
{ "pageEMN": { "link": "https://emrdc.org/websearch/research-internship-for-Tumkur-Karnataka-students-and-professional ",  "title": " research internship for Tumkur Karnataka students and professional "} },
{ "pageEMN": { "link": "https://emrdc.org/websearch/research-internship-for-Bellary-Karnataka-students-and-professional ",  "title": " research internship for Bellary Karnataka students and professional "} },
{ "pageEMN": { "link": "https://emrdc.org/websearch/research-internship-for-Davanagere-Karnataka-students-and-professional ",  "title": " research internship for Davanagere Karnataka students and professional "} },
{ "pageEMN": { "link": "https://emrdc.org/websearch/research-internship-for-Gulbarga-Karnataka-students-and-professional ",  "title": " research internship for Gulbarga Karnataka students and professional "} },
{ "pageEMN": { "link": "https://emrdc.org/websearch/research-internship-for-Bijapur-Karnataka-students-and-professional ",  "title": " research internship for Bijapur Karnataka students and professional "} },
{ "pageEMN": { "link": "https://emrdc.org/websearch/research-internship-for-Hubli-Dharwad-Karnataka-students-and-professional ",  "title": " research internship for Hubli Dharwad Karnataka students and professional "} },
{ "pageEMN": { "link": "https://emrdc.org/websearch/research-internship-for-Belgaum-Karnataka-students-and-professional ",  "title": " research internship for Belgaum Karnataka students and professional "} },
{ "pageEMN": { "link": "https://emrdc.org/websearch/research-internship-for-Greater-Mumbai-Maharashtra-students-and-professional ",  "title": " research internship for Greater Mumbai Maharashtra students and professional "} },
{ "pageEMN": { "link": "https://emrdc.org/websearch/research-internship-for-Navi-Mumbai-Maharashtra-students-and-professional ",  "title": " research internship for Navi Mumbai Maharashtra students and professional "} },
{ "pageEMN": { "link": "https://emrdc.org/websearch/research-internship-for-Thane-Maharashtra-students-and-professional ",  "title": " research internship for Thane Maharashtra students and professional "} },
{ "pageEMN": { "link": "https://emrdc.org/websearch/research-internship-for-Pune-Maharashtra-students-and-professional ",  "title": " research internship for Pune Maharashtra students and professional "} },
{ "pageEMN": { "link": "https://emrdc.org/websearch/research-internship-for-Nashik-Maharashtra-students-and-professional ",  "title": " research internship for Nashik Maharashtra students and professional "} },
{ "pageEMN": { "link": "https://emrdc.org/websearch/research-internship-for-Aurangabad-Maharashtra-students-and-professional ",  "title": " research internship for Aurangabad Maharashtra students and professional "} },
{ "pageEMN": { "link": "https://emrdc.org/websearch/research-internship-for-Nanded-Waghala-Maharashtra-students-and-professional ",  "title": " research internship for Nanded Waghala Maharashtra students and professional "} },
{ "pageEMN": { "link": "https://emrdc.org/websearch/research-internship-for-Amravati-Maharashtra-students-and-professional ",  "title": " research internship for Amravati Maharashtra students and professional "} },
{ "pageEMN": { "link": "https://emrdc.org/websearch/research-internship-for-Nagpur-Maharashtra-students-and-professional ",  "title": " research internship for Nagpur Maharashtra students and professional "} },
{ "pageEMN": { "link": "https://emrdc.org/websearch/research-internship-for-Sangli-Miraj-Kupwad-Maharashtra-students-and-professional ",  "title": " research internship for Sangli Miraj Kupwad Maharashtra students and professional "} },
{ "pageEMN": { "link": "https://emrdc.org/websearch/research-internship-for-Kolhapur-Maharashtra-students-and-professional ",  "title": " research internship for Kolhapur Maharashtra students and professional "} },
{ "pageEMN": { "link": "https://emrdc.org/websearch/research-internship-for-Hyderabad-Telangana-students-and-professional ",  "title": " research internship for Hyderabad Telangana students and professional "} },
{ "pageEMN": { "link": "https://emrdc.org/websearch/research-internship-for-Secunderabad-Telangana-students-and-professional ",  "title": " research internship for Secunderabad Telangana students and professional "} },
{ "pageEMN": { "link": "https://emrdc.org/websearch/research-internship-for-Warangal-Telangana-students-and-professional ",  "title": " research internship for Warangal Telangana students and professional "} },
{ "pageEMN": { "link": "https://emrdc.org/websearch/research-internship-for-Nizamabad-Telangana-students-and-professional ",  "title": " research internship for Nizamabad Telangana students and professional "} },
{ "pageEMN": { "link": "https://emrdc.org/websearch/research-internship-for-Nellore-Andhra-Pradesh-students-and-professional ",  "title": " research internship for Nellore Andhra Pradesh students and professional "} },
{ "pageEMN": { "link": "https://emrdc.org/websearch/research-internship-for-Guntur-Andhra-Pradesh-students-and-professional ",  "title": " research internship for Guntur Andhra Pradesh students and professional "} },
{ "pageEMN": { "link": "https://emrdc.org/websearch/research-internship-for-Vijayawada-Andhra-Pradesh-students-and-professional ",  "title": " research internship for Vijayawada Andhra Pradesh students and professional "} },
{ "pageEMN": { "link": "https://emrdc.org/websearch/research-internship-for-Kakinada-Andhra-Pradesh-students-and-professional ",  "title": " research internship for Kakinada Andhra Pradesh students and professional "} },
{ "pageEMN": { "link": "https://emrdc.org/websearch/research-internship-for-Visakhapatnam-Andhra-Pradesh-students-and-professional ",  "title": " research internship for Visakhapatnam Andhra Pradesh students and professional "} },
{ "pageEMN": { "link": "https://emrdc.org/websearch/research-internship-for-Kurnool-Andhra-Pradesh-students-and-professional ",  "title": " research internship for Kurnool Andhra Pradesh students and professional "} },
{ "pageEMN": { "link": "https://emrdc.org/websearch/research-internship-for-Rajahmundry-Andhra-Pradesh-students-and-professional ",  "title": " research internship for Rajahmundry Andhra Pradesh students and professional "} },
{ "pageEMN": { "link": "https://emrdc.org/websearch/research-internship-for-Raipur-Chhattisgarh-students-and-professional ",  "title": " research internship for Raipur Chhattisgarh students and professional "} },
{ "pageEMN": { "link": "https://emrdc.org/websearch/research-internship-for-Durg-Chhattisgarh-students-and-professional ",  "title": " research internship for Durg Chhattisgarh students and professional "} },
{ "pageEMN": { "link": "https://emrdc.org/websearch/pre-research-training-for-Dhamtari-Chhattisgarh-students-and-professional ",  "title": " pre research training for Dhamtari Chhattisgarh students and professional "} },
{ "pageEMN": { "link": "https://emrdc.org/websearch/pre-research-training-for-Bilaspur-Chhattisgarh-students-and-professional ",  "title": " pre research training for Bilaspur Chhattisgarh students and professional "} },
{ "pageEMN": { "link": "https://emrdc.org/websearch/pre-research-training-for-Korba-Chhattisgarh-students-and-professional ",  "title": " pre research training for Korba Chhattisgarh students and professional "} },
{ "pageEMN": { "link": "https://emrdc.org/websearch/pre-research-training-for-Bhopal-Madhya-Pradesh-students-and-professional ",  "title": " pre research training for Bhopal Madhya Pradesh students and professional "} },
{ "pageEMN": { "link": "https://emrdc.org/websearch/pre-research-training-for-Indore-Madhya-Pradesh-students-and-professional ",  "title": " pre research training for Indore Madhya Pradesh students and professional "} },
{ "pageEMN": { "link": "https://emrdc.org/websearch/pre-research-training-for-Dewas-Madhya-Pradesh-students-and-professional ",  "title": " pre research training for Dewas Madhya Pradesh students and professional "} },
{ "pageEMN": { "link": "https://emrdc.org/websearch/pre-research-training-for-Ujjain-Madhya-Pradesh-students-and-professional ",  "title": " pre research training for Ujjain Madhya Pradesh students and professional "} },
{ "pageEMN": { "link": "https://emrdc.org/websearch/pre-research-training-for-Khandwa-Madhya-Pradesh-students-and-professional ",  "title": " pre research training for Khandwa Madhya Pradesh students and professional "} },
{ "pageEMN": { "link": "https://emrdc.org/websearch/pre-research-training-for-Gwalior-Madhya-Pradesh-students-and-professional ",  "title": " pre research training for Gwalior Madhya Pradesh students and professional "} },
{ "pageEMN": { "link": "https://emrdc.org/websearch/pre-research-training-for-Morena-Madhya-Pradesh-students-and-professional ",  "title": " pre research training for Morena Madhya Pradesh students and professional "} },
{ "pageEMN": { "link": "https://emrdc.org/websearch/pre-research-training-for-Sagar-Madhya-Pradesh-students-and-professional ",  "title": " pre research training for Sagar Madhya Pradesh students and professional "} },
{ "pageEMN": { "link": "https://emrdc.org/websearch/pre-research-training-for-Burhanpur-Madhya-Pradesh-students-and-professional ",  "title": " pre research training for Burhanpur Madhya Pradesh students and professional "} },
{ "pageEMN": { "link": "https://emrdc.org/websearch/pre-research-training-for-Rewa-Madhya-Pradesh-students-and-professional ",  "title": " pre research training for Rewa Madhya Pradesh students and professional "} },
{ "pageEMN": { "link": "https://emrdc.org/websearch/pre-research-training-for-Satna-Madhya-Pradesh-students-and-professional ",  "title": " pre research training for Satna Madhya Pradesh students and professional "} },
{ "pageEMN": { "link": "https://emrdc.org/websearch/pre-research-training-for-Ahmadabad-Gujarat-students-and-professional ",  "title": " pre research training for Ahmadabad Gujarat students and professional "} },
{ "pageEMN": { "link": "https://emrdc.org/websearch/pre-research-training-for-Gandhinagar-Gujarat-students-and-professional ",  "title": " pre research training for Gandhinagar Gujarat students and professional "} },
{ "pageEMN": { "link": "https://emrdc.org/websearch/pre-research-training-for-Jamnagar-Gujarat-students-and-professional ",  "title": " pre research training for Jamnagar Gujarat students and professional "} },
{ "pageEMN": { "link": "https://emrdc.org/websearch/pre-research-training-for-Morvi-Gujarat-students-and-professional ",  "title": " pre research training for Morvi Gujarat students and professional "} },
{ "pageEMN": { "link": "https://emrdc.org/websearch/pre-research-training-for-Gandhidham-Gujarat-students-and-professional ",  "title": " pre research training for Gandhidham Gujarat students and professional "} },
{ "pageEMN": { "link": "https://emrdc.org/websearch/pre-research-training-for-Junagadh-Gujarat-students-and-professional ",  "title": " pre research training for Junagadh Gujarat students and professional "} },
{ "pageEMN": { "link": "https://emrdc.org/websearch/pre-research-training-for-Vadodara-Gujarat-students-and-professional ",  "title": " pre research training for Vadodara Gujarat students and professional "} },
{ "pageEMN": { "link": "https://emrdc.org/websearch/pre-research-training-for-Surat-Gujarat-students-and-professional ",  "title": " pre research training for Surat Gujarat students and professional "} },
{ "pageEMN": { "link": "https://emrdc.org/websearch/pre-research-training-for-Jaipur-Rajasthan-students-and-professional ",  "title": " pre research training for Jaipur Rajasthan students and professional "} },
{ "pageEMN": { "link": "https://emrdc.org/websearch/pre-research-training-for-Ajmer-Rajasthan-students-and-professional ",  "title": " pre research training for Ajmer Rajasthan students and professional "} },
{ "pageEMN": { "link": "https://emrdc.org/websearch/pre-research-training-for-Bikaner-Rajasthan-students-and-professional ",  "title": " pre research training for Bikaner Rajasthan students and professional "} },
{ "pageEMN": { "link": "https://emrdc.org/websearch/pre-research-training-for-Ganganagar-Rajasthan-students-and-professional ",  "title": " pre research training for Ganganagar Rajasthan students and professional "} },
{ "pageEMN": { "link": "https://emrdc.org/websearch/pre-research-training-for-Bharatpur-Rajasthan-students-and-professional ",  "title": " pre research training for Bharatpur Rajasthan students and professional "} },
{ "pageEMN": { "link": "https://emrdc.org/websearch/pre-research-training-for-Alwar-Rajasthan-students-and-professional ",  "title": " pre research training for Alwar Rajasthan students and professional "} },
{ "pageEMN": { "link": "https://emrdc.org/websearch/pre-research-training-for-Kota-Rajasthan-students-and-professional ",  "title": " pre research training for Kota Rajasthan students and professional "} },
{ "pageEMN": { "link": "https://emrdc.org/websearch/pre-research-training-for-Udaipur-Rajasthan-students-and-professional ",  "title": " pre research training for Udaipur Rajasthan students and professional "} },
{ "pageEMN": { "link": "https://emrdc.org/websearch/pre-research-training-for-Pali-Rajasthan-students-and-professional ",  "title": " pre research training for Pali Rajasthan students and professional "} },
{ "pageEMN": { "link": "https://emrdc.org/websearch/pre-research-training-for-Gorakhpur-Uttar-Pradesh-students-and-professional ",  "title": " pre research training for Gorakhpur Uttar Pradesh students and professional "} },
{ "pageEMN": { "link": "https://emrdc.org/websearch/pre-research-training-for-Lucknow-Uttar-Pradesh-students-and-professional ",  "title": " pre research training for Lucknow Uttar Pradesh students and professional "} },
{ "pageEMN": { "link": "https://emrdc.org/websearch/pre-research-training-for-Kanpur-Uttar-Pradesh-students-and-professional ",  "title": " pre research training for Kanpur Uttar Pradesh students and professional "} },
{ "pageEMN": { "link": "https://emrdc.org/websearch/pre-research-training-for-Bareilly-Uttar-Pradesh-students-and-professional ",  "title": " pre research training for Bareilly Uttar Pradesh students and professional "} },
{ "pageEMN": { "link": "https://emrdc.org/websearch/pre-research-training-for-Moradabad-Uttar-Pradesh-students-and-professional ",  "title": " pre research training for Moradabad Uttar Pradesh students and professional "} },
{ "pageEMN": { "link": "https://emrdc.org/websearch/pre-research-training-for-Aligarh-Uttar-Pradesh-students-and-professional ",  "title": " pre research training for Aligarh Uttar Pradesh students and professional "} },
{ "pageEMN": { "link": "https://emrdc.org/websearch/pre-research-training-for-Firozabad-Uttar-Pradesh-students-and-professional ",  "title": " pre research training for Firozabad Uttar Pradesh students and professional "} },
{ "pageEMN": { "link": "https://emrdc.org/websearch/pre-research-training-for-Jhansi-Uttar-Pradesh-students-and-professional ",  "title": " pre research training for Jhansi Uttar Pradesh students and professional "} },
{ "pageEMN": { "link": "https://emrdc.org/websearch/pre-research-training-for-Muzaffarnagar-Uttar-Pradesh-students-and-professional ",  "title": " pre research training for Muzaffarnagar Uttar Pradesh students and professional "} },
{ "pageEMN": { "link": "https://emrdc.org/websearch/pre-research-training-for-Saharanpur-Uttar-Pradesh-students-and-professional ",  "title": " pre research training for Saharanpur Uttar Pradesh students and professional "} },
{ "pageEMN": { "link": "https://emrdc.org/websearch/pre-research-training-for-Loni-Uttar-Pradesh-students-and-professional ",  "title": " pre research training for Loni Uttar Pradesh students and professional "} },
{ "pageEMN": { "link": "https://emrdc.org/websearch/pre-research-training-for-Noida-Uttar-Pradesh-students-and-professional ",  "title": " pre research training for Noida Uttar Pradesh students and professional "} },
{ "pageEMN": { "link": "https://emrdc.org/websearch/pre-research-training-for-Meerut-Uttar-Pradesh-students-and-professional ",  "title": " pre research training for Meerut Uttar Pradesh students and professional "} },
{ "pageEMN": { "link": "https://emrdc.org/websearch/pre-research-training-for-Jamshedpur-Jharkhand-students-and-professional ",  "title": " pre research training for Jamshedpur Jharkhand students and professional "} },
{ "pageEMN": { "link": "https://emrdc.org/websearch/pre-research-training-for-Mango-Jharkhand-students-and-professional ",  "title": " pre research training for Mango Jharkhand students and professional "} },
{ "pageEMN": { "link": "https://emrdc.org/websearch/pre-research-training-for-Bokaro-Steel-City-Jharkhand-students-and-professional ",  "title": " pre research training for Bokaro Steel City Jharkhand students and professional "} },
{ "pageEMN": { "link": "https://emrdc.org/websearch/pre-research-training-for-Ranchi-Jharkhand-students-and-professional ",  "title": " pre research training for Ranchi Jharkhand students and professional "} },
{ "pageEMN": { "link": "https://emrdc.org/websearch/pre-research-training-for-Dhanbad-Jharkhand-students-and-professional ",  "title": " pre research training for Dhanbad Jharkhand students and professional "} },
{ "pageEMN": { "link": "https://emrdc.org/websearch/pre-research-training-for-Purnia-Bihar-students-and-professional ",  "title": " pre research training for Purnia Bihar students and professional "} },
{ "pageEMN": { "link": "https://emrdc.org/websearch/pre-research-training-for-Katihar-Bihar-students-and-professional ",  "title": " pre research training for Katihar Bihar students and professional "} },
{ "pageEMN": { "link": "https://emrdc.org/websearch/pre-research-training-for-Darbhanga-Bihar-students-and-professional ",  "title": " pre research training for Darbhanga Bihar students and professional "} },
{ "pageEMN": { "link": "https://emrdc.org/websearch/pre-research-training-for-Muzaffarpur-Bihar-students-and-professional ",  "title": " pre research training for Muzaffarpur Bihar students and professional "} },
{ "pageEMN": { "link": "https://emrdc.org/websearch/pre-research-training-for-Chapra-Bihar-students-and-professional ",  "title": " pre research training for Chapra Bihar students and professional "} },
{ "pageEMN": { "link": "https://emrdc.org/websearch/pre-research-training-for-Arrah-Bihar-students-and-professional ",  "title": " pre research training for Arrah Bihar students and professional "} },
{ "pageEMN": { "link": "https://emrdc.org/websearch/pre-research-training-for-Bihar-Sharif-Bihar-students-and-professional ",  "title": " pre research training for Bihar Sharif Bihar students and professional "} },
{ "pageEMN": { "link": "https://emrdc.org/websearch/pre-research-training-for-Begusarai-Bihar-students-and-professional ",  "title": " pre research training for Begusarai Bihar students and professional "} },
{ "pageEMN": { "link": "https://emrdc.org/websearch/pre-research-training-for-Gaya-Bihar-students-and-professional ",  "title": " pre research training for Gaya Bihar students and professional "} },
{ "pageEMN": { "link": "https://emrdc.org/websearch/pre-research-training-for-Aurangabad-Bihar-students-and-professional ",  "title": " pre research training for Aurangabad Bihar students and professional "} },
{ "pageEMN": { "link": "https://emrdc.org/websearch/pre-research-training-for-Bhubaneswar-Odisha-students-and-professional ",  "title": " pre research training for Bhubaneswar Odisha students and professional "} },
{ "pageEMN": { "link": "https://emrdc.org/websearch/pre-research-training-for-Cuttack-Odisha-students-and-professional ",  "title": " pre research training for Cuttack Odisha students and professional "} },
{ "pageEMN": { "link": "https://emrdc.org/websearch/pre-research-training-for-Puri-Odisha-students-and-professional ",  "title": " pre research training for Puri Odisha students and professional "} },
{ "pageEMN": { "link": "https://emrdc.org/websearch/pre-research-training-for-Brahmapur-Odisha-students-and-professional ",  "title": " pre research training for Brahmapur Odisha students and professional "} },
{ "pageEMN": { "link": "https://emrdc.org/websearch/pre-research-training-for-Baleshwar-Odisha-students-and-professional ",  "title": " pre research training for Baleshwar Odisha students and professional "} },
{ "pageEMN": { "link": "https://emrdc.org/websearch/pre-research-training-for-Sambalpur-Odisha-students-and-professional ",  "title": " pre research training for Sambalpur Odisha students and professional "} },
{ "pageEMN": { "link": "https://emrdc.org/websearch/pre-research-training-for-Raurkela-Odisha-students-and-professional ",  "title": " pre research training for Raurkela Odisha students and professional "} },
{ "pageEMN": { "link": "https://emrdc.org/websearch/pre-research-training-for-Rajarhat-West-Bengal-students-and-professional ",  "title": " pre research training for Rajarhat West Bengal students and professional "} },
{ "pageEMN": { "link": "https://emrdc.org/websearch/pre-research-training-for-Kolkata-West-Bengal-students-and-professional ",  "title": " pre research training for Kolkata West Bengal students and professional "} },
{ "pageEMN": { "link": "https://emrdc.org/websearch/pre-research-training-for-Maheshtala-West-Bengal-students-and-professional ",  "title": " pre research training for Maheshtala West Bengal students and professional "} },
{ "pageEMN": { "link": "https://emrdc.org/websearch/pre-research-training-for-Uluberia-West-Bengal-students-and-professional ",  "title": " pre research training for Uluberia West Bengal students and professional "} },
{ "pageEMN": { "link": "https://emrdc.org/websearch/pre-research-training-for-Haldia-West-Bengal-students-and-professional ",  "title": " pre research training for Haldia West Bengal students and professional "} },
{ "pageEMN": { "link": "https://emrdc.org/websearch/pre-research-training-for-Rajpur-Sonarpur-West-Bengal-students-and-professional ",  "title": " pre research training for Rajpur Sonarpur West Bengal students and professional "} },
{ "pageEMN": { "link": "https://emrdc.org/websearch/pre-research-training-for-Barasat-West-Bengal-students-and-professional ",  "title": " pre research training for Barasat West Bengal students and professional "} },
{ "pageEMN": { "link": "https://emrdc.org/websearch/pre-research-training-for-Panihati-West-Bengal-students-and-professional ",  "title": " pre research training for Panihati West Bengal students and professional "} },
{ "pageEMN": { "link": "https://emrdc.org/websearch/pre-research-training-for-Kamarhati-West-Bengal-students-and-professional ",  "title": " pre research training for Kamarhati West Bengal students and professional "} },
{ "pageEMN": { "link": "https://emrdc.org/websearch/pre-research-training-for-Bally-West-Bengal-students-and-professional ",  "title": " pre research training for Bally West Bengal students and professional "} },
{ "pageEMN": { "link": "https://emrdc.org/websearch/pre-research-training-for-Bhatpara-West-Bengal-students-and-professional ",  "title": " pre research training for Bhatpara West Bengal students and professional "} },
{ "pageEMN": { "link": "https://emrdc.org/websearch/pre-research-training-for-Barddhaman-West-Bengal-students-and-professional ",  "title": " pre research training for Barddhaman West Bengal students and professional "} },
{ "pageEMN": { "link": "https://emrdc.org/websearch/pre-research-training-for-Durgapur-West-Bengal-students-and-professional ",  "title": " pre research training for Durgapur West Bengal students and professional "} },
{ "pageEMN": { "link": "https://emrdc.org/websearch/pre-research-training-for-Asansol-West-Bengal-students-and-professional ",  "title": " pre research training for Asansol West Bengal students and professional "} },
{ "pageEMN": { "link": "https://emrdc.org/websearch/pre-research-training-for-Kulti-West-Bengal-students-and-professional ",  "title": " pre research training for Kulti West Bengal students and professional "} },
{ "pageEMN": { "link": "https://emrdc.org/websearch/pre-research-training-for-English-Bazar-West-Bengal-students-and-professional ",  "title": " pre research training for English Bazar West Bengal students and professional "} },
{ "pageEMN": { "link": "https://emrdc.org/websearch/pre-research-training-for-Siliguri-West-Bengal-students-and-professional ",  "title": " pre research training for Siliguri West Bengal students and professional "} },
{ "pageEMN": { "link": "https://emrdc.org/websearch/pre-research-training-for-Dibrugarh-Assam-students-and-professional ",  "title": " pre research training for Dibrugarh Assam students and professional "} },
{ "pageEMN": { "link": "https://emrdc.org/websearch/pre-research-training-for-Nagaon-Assam-students-and-professional ",  "title": " pre research training for Nagaon Assam students and professional "} },
{ "pageEMN": { "link": "https://emrdc.org/websearch/pre-research-training-for-Guwahati-Assam-students-and-professional ",  "title": " pre research training for Guwahati Assam students and professional "} },
{ "pageEMN": { "link": "https://emrdc.org/websearch/pre-research-training-for-Silchar-Assam-students-and-professional ",  "title": " pre research training for Silchar Assam students and professional "} },
{ "pageEMN": { "link": "https://emrdc.org/websearch/pre-research-training-for-Jorhat-Assam-students-and-professional ",  "title": " pre research training for Jorhat Assam students and professional "} },
{ "pageEMN": { "link": "https://emrdc.org/websearch/pre-research-training-for-Pasighat-Arunﾄ…hal-Pradesh-students-and-professional ",  "title": " pre research training for Pasighat Arunﾄ…hal Pradesh students and professional "} },
{ "pageEMN": { "link": "https://emrdc.org/websearch/pre-research-training-for-Itanagar-Arunﾄ…hal-Pradesh-students-and-professional ",  "title": " pre research training for Itanagar Arunﾄ…hal Pradesh students and professional "} },
{ "pageEMN": { "link": "https://emrdc.org/websearch/pre-research-training-for-Shillong-Meghalaya-students-and-professional ",  "title": " pre research training for Shillong Meghalaya students and professional "} },
{ "pageEMN": { "link": "https://emrdc.org/websearch/pre-research-training-for-Tura-Meghalaya-students-and-professional ",  "title": " pre research training for Tura Meghalaya students and professional "} },
{ "pageEMN": { "link": "https://emrdc.org/websearch/pre-research-training-for-Imphal-Manipur-students-and-professional ",  "title": " pre research training for Imphal Manipur students and professional "} },
{ "pageEMN": { "link": "https://emrdc.org/websearch/pre-research-training-for-Thoubal-Manipur-students-and-professional ",  "title": " pre research training for Thoubal Manipur students and professional "} },
{ "pageEMN": { "link": "https://emrdc.org/websearch/pre-research-training-for-Aizawl-Mizoram-students-and-professional ",  "title": " pre research training for Aizawl Mizoram students and professional "} },
{ "pageEMN": { "link": "https://emrdc.org/websearch/pre-research-training-for-Lunglei-Mizoram-students-and-professional ",  "title": " pre research training for Lunglei Mizoram students and professional "} },
{ "pageEMN": { "link": "https://emrdc.org/websearch/pre-research-training-for-Dimapur-Nagaland-students-and-professional ",  "title": " pre research training for Dimapur Nagaland students and professional "} },
{ "pageEMN": { "link": "https://emrdc.org/websearch/pre-research-training-for-Kohima-Nagaland-students-and-professional ",  "title": " pre research training for Kohima Nagaland students and professional "} },
{ "pageEMN": { "link": "https://emrdc.org/websearch/pre-research-training-for-Chumukedima-Nagaland-students-and-professional ",  "title": " pre research training for Chumukedima Nagaland students and professional "} },
{ "pageEMN": { "link": "https://emrdc.org/websearch/pre-research-training-for-Wokha-Nagaland-students-and-professional ",  "title": " pre research training for Wokha Nagaland students and professional "} },
{ "pageEMN": { "link": "https://emrdc.org/websearch/pre-research-training-for-Mon-Town-Nagaland-students-and-professional ",  "title": " pre research training for Mon Town Nagaland students and professional "} },
{ "pageEMN": { "link": "https://emrdc.org/websearch/pre-research-training-for-Agartala-Tripura-students-and-professional ",  "title": " pre research training for Agartala Tripura students and professional "} },
{ "pageEMN": { "link": "https://emrdc.org/websearch/pre-research-training-for-Udaipur-Tripura-students-and-professional ",  "title": " pre research training for Udaipur Tripura students and professional "} },
{ "pageEMN": { "link": "https://emrdc.org/websearch/pre-research-training-for-Dharmanagar-Tripura-students-and-professional ",  "title": " pre research training for Dharmanagar Tripura students and professional "} },
{ "pageEMN": { "link": "https://emrdc.org/websearch/pre-research-training-for-Gangtok-Sikkim-students-and-professional ",  "title": " pre research training for Gangtok Sikkim students and professional "} },
{ "pageEMN": { "link": "https://emrdc.org/websearch/pre-research-training-for-Dehradun-Uttarakhand-students-and-professional ",  "title": " pre research training for Dehradun Uttarakhand students and professional "} },
{ "pageEMN": { "link": "https://emrdc.org/websearch/pre-research-training-for-Hardwar-Uttarakhand-students-and-professional ",  "title": " pre research training for Hardwar Uttarakhand students and professional "} },
{ "pageEMN": { "link": "https://emrdc.org/websearch/pre-research-training-for-Pithoragarh-Uttarakhand-students-and-professional ",  "title": " pre research training for Pithoragarh Uttarakhand students and professional "} },
{ "pageEMN": { "link": "https://emrdc.org/websearch/pre-research-training-for-Rudrapur-Uttarakhand-students-and-professional ",  "title": " pre research training for Rudrapur Uttarakhand students and professional "} },
{ "pageEMN": { "link": "https://emrdc.org/websearch/pre-research-training-for-Roorkee-Uttarakhand-students-and-professional ",  "title": " pre research training for Roorkee Uttarakhand students and professional "} },
{ "pageEMN": { "link": "https://emrdc.org/websearch/pre-research-training-for-Shimla-Himachal-Pradesh-students-and-professional ",  "title": " pre research training for Shimla Himachal Pradesh students and professional "} },
{ "pageEMN": { "link": "https://emrdc.org/websearch/pre-research-training-for-Karnal-Haryana-students-and-professional ",  "title": " pre research training for Karnal Haryana students and professional "} },
{ "pageEMN": { "link": "https://emrdc.org/websearch/pre-research-training-for-Panipat-Haryana-students-and-professional ",  "title": " pre research training for Panipat Haryana students and professional "} },
{ "pageEMN": { "link": "https://emrdc.org/websearch/pre-research-training-for-Sonipat-Haryana-students-and-professional ",  "title": " pre research training for Sonipat Haryana students and professional "} },
{ "pageEMN": { "link": "https://emrdc.org/websearch/pre-research-training-for-Gurgaon-Haryana-students-and-professional ",  "title": " pre research training for Gurgaon Haryana students and professional "} },
{ "pageEMN": { "link": "https://emrdc.org/websearch/pre-research-training-for-Faridabad-Haryana-students-and-professional ",  "title": " pre research training for Faridabad Haryana students and professional "} },
{ "pageEMN": { "link": "https://emrdc.org/websearch/pre-research-training-for-Hisar-Haryana-students-and-professional ",  "title": " pre research training for Hisar Haryana students and professional "} },
{ "pageEMN": { "link": "https://emrdc.org/websearch/pre-research-training-for-Delhi-Delhi-students-and-professional ",  "title": " pre research training for Delhi Delhi students and professional "} },
{ "pageEMN": { "link": "https://emrdc.org/websearch/pre-research-training-for-Kirari-Suleman-Nagar-Delhi-students-and-professional ",  "title": " pre research training for Kirari Suleman Nagar Delhi students and professional "} },
{ "pageEMN": { "link": "https://emrdc.org/websearch/pre-research-training-for-Srinagar-Jammu-and-Kashmir-students-and-professional ",  "title": " pre research training for Srinagar Jammu and Kashmir students and professional "} },
{ "pageEMN": { "link": "https://emrdc.org/websearch/pre-research-training-for-Anantnag-Jammu-and-Kashmir-students-and-professional ",  "title": " pre research training for Anantnag Jammu and Kashmir students and professional "} },
{ "pageEMN": { "link": "https://emrdc.org/websearch/pre-research-training-for-Jammu-Jammu-and-Kashmir-students-and-professional ",  "title": " pre research training for Jammu Jammu and Kashmir students and professional "} },
{ "pageEMN": { "link": "https://emrdc.org/websearch/pre-research-training-for-Leh-Ladakh-students-and-professional ",  "title": " pre research training for Leh Ladakh students and professional "} }
] } }
