{ "istinInter": { "pageList": [ 
{ "page": { "link": "https://istindia.org/course/solar-energy-training-uk ",  "title": " solar energy training uk "} },
{ "page": { "link": "https://istindia.org/course/solar-engineering-courses-uk ",  "title": " solar engineering courses uk "} },
{ "page": { "link": "https://istindia.org/course/solar-engineering-courses-in-nigeria ",  "title": " solar engineering courses in nigeria "} },
{ "page": { "link": "https://istindia.org/course/solar-engineering-courses-philippines ",  "title": " solar engineering courses philippines "} },
{ "page": { "link": "https://istindia.org/course/solar-engineering-courses-in-kenya ",  "title": " solar engineering courses in kenya "} },
{ "page": { "link": "https://istindia.org/course/solar-design-course-uk ",  "title": " solar design course uk "} },
{ "page": { "link": "https://istindia.org/course/solar-design-course-nz ",  "title": " solar design course nz "} },
{ "page": { "link": "https://istindia.org/course/solar-installation-course-in-south-africa ",  "title": " solar installation course in south africa "} },
{ "page": { "link": "https://istindia.org/course/solar-pv-installation-course-uk ",  "title": " solar pv installation course uk "} },
{ "page": { "link": "https://istindia.org/course/solar-power-training-for-Kigali-Rwanda ",  "title": " solar power training for Kigali Rwanda "} },
{ "page": { "link": "https://istindia.org/course/solar-power-training-for-Butare-Rwanda ",  "title": " solar power training for Butare Rwanda "} },
{ "page": { "link": "https://istindia.org/course/solar-power-training-for-Nyanza-Rwanda ",  "title": " solar power training for Nyanza Rwanda "} },
{ "page": { "link": "https://istindia.org/course/solar-power-training-for-Kabuga-Rwanda ",  "title": " solar power training for Kabuga Rwanda "} },
{ "page": { "link": "https://istindia.org/course/solar-power-training-for-Ruhengeri-Rwanda ",  "title": " solar power training for Ruhengeri Rwanda "} },
{ "page": { "link": "https://istindia.org/course/solar-power-training-for-Kampala-Uganda ",  "title": " solar power training for Kampala Uganda "} },
{ "page": { "link": "https://istindia.org/course/solar-power-training-for-Mbale-Uganda ",  "title": " solar power training for Mbale Uganda "} },
{ "page": { "link": "https://istindia.org/course/solar-power-training-for-Hoima-Uganda ",  "title": " solar power training for Hoima Uganda "} },
{ "page": { "link": "https://istindia.org/course/solar-power-training-for-Masaka-Uganda ",  "title": " solar power training for Masaka Uganda "} },
{ "page": { "link": "https://istindia.org/course/solar-power-training-for-Nairobi-Kenya ",  "title": " solar power training for Nairobi Kenya "} },
{ "page": { "link": "https://istindia.org/course/solar-power-training-for-Nakuru-Kenya ",  "title": " solar power training for Nakuru Kenya "} },
{ "page": { "link": "https://istindia.org/course/solar-power-training-for-Eldoret-Kenya ",  "title": " solar power training for Eldoret Kenya "} },
{ "page": { "link": "https://istindia.org/course/solar-power-training-for-Kisumu-Kenya ",  "title": " solar power training for Kisumu Kenya "} },
{ "page": { "link": "https://istindia.org/course/solar-power-training-for-Mombasa-Kenya ",  "title": " solar power training for Mombasa Kenya "} },
{ "page": { "link": "https://istindia.org/course/solar-power-training-for-Malindi-Kenya ",  "title": " solar power training for Malindi Kenya "} },
{ "page": { "link": "https://istindia.org/course/solar-power-training-for-Shela-Kenya ",  "title": " solar power training for Shela Kenya "} },
{ "page": { "link": "https://istindia.org/course/solar-power-training-for-Mogadishu-Somalia ",  "title": " solar power training for Mogadishu Somalia "} },
{ "page": { "link": "https://istindia.org/course/solar-power-training-for-Bujumbura-Burundi ",  "title": " solar power training for Bujumbura Burundi "} },
{ "page": { "link": "https://istindia.org/course/solar-power-training-for-Gitega-Burundi ",  "title": " solar power training for Gitega Burundi "} },
{ "page": { "link": "https://istindia.org/course/solar-power-training-for-Dar-es-Salaam-Tanzania ",  "title": " solar power training for Dar es Salaam Tanzania "} },
{ "page": { "link": "https://istindia.org/course/solar-power-training-for-Zanzibar-Tanzania ",  "title": " solar power training for Zanzibar Tanzania "} },
{ "page": { "link": "https://istindia.org/course/solar-power-training-for-Dodoma-Tanzania ",  "title": " solar power training for Dodoma Tanzania "} },
{ "page": { "link": "https://istindia.org/course/solar-power-training-for-Arusha-Tanzania ",  "title": " solar power training for Arusha Tanzania "} },
{ "page": { "link": "https://istindia.org/course/solar-power-training-for-Lilongwe-Malawi ",  "title": " solar power training for Lilongwe Malawi "} },
{ "page": { "link": "https://istindia.org/course/solar-power-training-for-Lusaka-Zambia ",  "title": " solar power training for Lusaka Zambia "} },
{ "page": { "link": "https://istindia.org/course/solar-power-training-for-Choma-Zambia ",  "title": " solar power training for Choma Zambia "} },
{ "page": { "link": "https://istindia.org/course/solar-power-training-for-Mazabuka-Zambia ",  "title": " solar power training for Mazabuka Zambia "} },
{ "page": { "link": "https://istindia.org/course/solar-power-training-for-Harare-Zimbabwe ",  "title": " solar power training for Harare Zimbabwe "} },
{ "page": { "link": "https://istindia.org/course/solar-power-training-for-Bulawayo-Zimbabwe ",  "title": " solar power training for Bulawayo Zimbabwe "} },
{ "page": { "link": "https://istindia.org/course/solar-power-training-for-Mutare-Zimbabwe ",  "title": " solar power training for Mutare Zimbabwe "} },
{ "page": { "link": "https://istindia.org/course/solar-power-training-for-Abuja-Nigeria ",  "title": " solar power training for Abuja Nigeria "} },
{ "page": { "link": "https://istindia.org/course/solar-power-training-for-Kano-Nigeria ",  "title": " solar power training for Kano Nigeria "} },
{ "page": { "link": "https://istindia.org/course/solar-power-training-for-Gombe-Nigeria ",  "title": " solar power training for Gombe Nigeria "} },
{ "page": { "link": "https://istindia.org/course/solar-power-training-for-Biu-Nigeria ",  "title": " solar power training for Biu Nigeria "} },
{ "page": { "link": "https://istindia.org/course/solar-power-training-for-Maiduguri-Nigeria ",  "title": " solar power training for Maiduguri Nigeria "} },
{ "page": { "link": "https://istindia.org/course/solar-power-training-for-Accra-Ghana ",  "title": " solar power training for Accra Ghana "} },
{ "page": { "link": "https://istindia.org/course/solar-power-training-for-Takoradi-Ghana ",  "title": " solar power training for Takoradi Ghana "} },
{ "page": { "link": "https://istindia.org/course/solar-power-training-for-Cape-Coast-Ghana ",  "title": " solar power training for Cape Coast Ghana "} },
{ "page": { "link": "https://istindia.org/course/solar-power-training-for-Kumasi-Ghana ",  "title": " solar power training for Kumasi Ghana "} },
{ "page": { "link": "https://istindia.org/course/solar-power-training-for-Tamale-Ghana ",  "title": " solar power training for Tamale Ghana "} },
{ "page": { "link": "https://istindia.org/course/solar-project-at-al-jahra-kuwait ",  "title": " solar project at al jahra kuwait "} },
{ "page": { "link": "https://istindia.org/course/solar-project-at-kuwait-city-kuwait ",  "title": " solar project at kuwait city kuwait "} },
{ "page": { "link": "https://istindia.org/course/solar-project-at-zahra-kuwait ",  "title": " solar project at zahra kuwait "} },
{ "page": { "link": "https://istindia.org/course/solar-project-at-sabah-al-salem-kuwait ",  "title": " solar project at sabah al salem kuwait "} },
{ "page": { "link": "https://istindia.org/course/solar-project-at-al-farwaniyah-kuwait ",  "title": " solar project at al farwaniyah kuwait "} },
{ "page": { "link": "https://istindia.org/course/solar-project-at-mangaf-kuwait ",  "title": " solar project at mangaf kuwait "} },
{ "page": { "link": "https://istindia.org/course/solar-project-at-salmiya-kuwait ",  "title": " solar project at salmiya kuwait "} },
{ "page": { "link": "https://istindia.org/course/solar-project-at-manama-bahrain ",  "title": " solar project at manama bahrain "} },
{ "page": { "link": "https://istindia.org/course/solar-project-at-arad-bahrain ",  "title": " solar project at arad bahrain "} },
{ "page": { "link": "https://istindia.org/course/solar-project-at-busaiteen-bahrain ",  "title": " solar project at busaiteen bahrain "} },
{ "page": { "link": "https://istindia.org/course/solar-project-at-samaheej-bahrain ",  "title": " solar project at samaheej bahrain "} },
{ "page": { "link": "https://istindia.org/course/solar-project-at-sitra-bahrain ",  "title": " solar project at sitra bahrain "} },
{ "page": { "link": "https://istindia.org/course/solar-project-at-riffa-bahrain ",  "title": " solar project at riffa bahrain "} },
{ "page": { "link": "https://istindia.org/course/solar-project-at-muscat-oman ",  "title": " solar project at muscat oman "} },
{ "page": { "link": "https://istindia.org/course/solar-project-at-seeb-oman ",  "title": " solar project at seeb oman "} },
{ "page": { "link": "https://istindia.org/course/solar-project-at-barka-oman ",  "title": " solar project at barka oman "} },
{ "page": { "link": "https://istindia.org/course/solar-project-at-london-united-kingdom ",  "title": " solar project at london united kingdom "} },
{ "page": { "link": "https://istindia.org/course/solar-project-at-wales-united-kingdom ",  "title": " solar project at wales united kingdom "} },
{ "page": { "link": "https://istindia.org/course/solar-project-at-swansea-uk ",  "title": " solar project at swansea uk "} },
{ "page": { "link": "https://istindia.org/course/solar-project-at-birmingham-united-kingdom ",  "title": " solar project at birmingham united kingdom "} },
{ "page": { "link": "https://istindia.org/course/solar-project-at-wolverhampton-united-kingdom ",  "title": " solar project at wolverhampton united kingdom "} },
{ "page": { "link": "https://istindia.org/course/solar-project-at-stafford-uk ",  "title": " solar project at stafford uk "} },
{ "page": { "link": "https://istindia.org/course/solar-project-at-manchester-uk ",  "title": " solar project at manchester uk "} },
{ "page": { "link": "https://istindia.org/course/solar-project-at-liverpool-united-kingdom ",  "title": " solar project at liverpool united kingdom "} },
{ "page": { "link": "https://istindia.org/course/solar-project-at-leeds-united-kingdom ",  "title": " solar project at leeds united kingdom "} },
{ "page": { "link": "https://istindia.org/course/solar-project-at-bradford-uk ",  "title": " solar project at bradford uk "} },
{ "page": { "link": "https://istindia.org/course/solar-project-at-sunderland-uk ",  "title": " solar project at sunderland uk "} },
{ "page": { "link": "https://istindia.org/course/solar-project-at-washington-united-kingdom ",  "title": " solar project at washington united kingdom "} },
{ "page": { "link": "https://istindia.org/course/solar-project-at-glasgow-uk ",  "title": " solar project at glasgow uk "} },
{ "page": { "link": "https://istindia.org/course/solar-project-at-edinburgh-united-kingdom ",  "title": " solar project at edinburgh united kingdom "} },
{ "page": { "link": "https://istindia.org/course/solar-project-at-dundee-united-kingdom ",  "title": " solar project at dundee united kingdom "} },
{ "page": { "link": "https://istindia.org/course/solar-project-at-aberdeen-united-kingdom ",  "title": " solar project at aberdeen united kingdom "} },
{ "page": { "link": "https://istindia.org/course/solar-project-at-cambridge-uk ",  "title": " solar project at cambridge uk "} },
{ "page": { "link": "https://istindia.org/course/solar-project-at-amman-jordan ",  "title": " solar project at amman jordan "} },
{ "page": { "link": "https://istindia.org/course/solar-project-at-russeifa-jordan ",  "title": " solar project at russeifa jordan "} },
{ "page": { "link": "https://istindia.org/course/solar-project-at-zarqa-jordan ",  "title": " solar project at zarqa jordan "} },
{ "page": { "link": "https://istindia.org/course/solar-project-at-irbid-jordan ",  "title": " solar project at irbid jordan "} },
{ "page": { "link": "https://istindia.org/course/solar-project-at-at-tafilah-jordan ",  "title": " solar project at at tafilah jordan "} },
{ "page": { "link": "https://istindia.org/course/solar-project-at-aqaba-jordan ",  "title": " solar project at aqaba jordan "} },
{ "page": { "link": "https://istindia.org/course/solar-project-at-maan-jordan ",  "title": " solar project at maan jordan "} },
{ "page": { "link": "https://istindia.org/course/solar-project-at-bern-switzerland ",  "title": " solar project at bern switzerland "} },
{ "page": { "link": "https://istindia.org/course/solar-project-at-z체rich-switzerland ",  "title": " solar project at z체rich switzerland "} },
{ "page": { "link": "https://istindia.org/course/solar-project-at-basel-switzerland ",  "title": " solar project at basel switzerland "} },
{ "page": { "link": "https://istindia.org/course/solar-project-at-lucerne-switzerland ",  "title": " solar project at lucerne switzerland "} },
{ "page": { "link": "https://istindia.org/course/solar-project-at-aarau-switzerland ",  "title": " solar project at aarau switzerland "} },
{ "page": { "link": "https://istindia.org/course/solar-project-at-flatts-village-bermuda ",  "title": " solar project at flatts village bermuda "} },
{ "page": { "link": "https://istindia.org/course/solar-project-at-hamilton-bermuda ",  "title": " solar project at hamilton bermuda "} },
{ "page": { "link": "https://istindia.org/course/solar-project-at-somerset-village-bermuda ",  "title": " solar project at somerset village bermuda "} },
{ "page": { "link": "https://istindia.org/course/solar-plant-design-master-dinajpur-bangladesh ",  "title": " solar plant design master dinajpur bangladesh "} },
{ "page": { "link": "https://istindia.org/course/solar-plant-design-master-thakurgaon-bangladesh ",  "title": " solar plant design master thakurgaon bangladesh "} },
{ "page": { "link": "https://istindia.org/course/solar-plant-design-master-chilahati-bangladesh ",  "title": " solar plant design master chilahati bangladesh "} },
{ "page": { "link": "https://istindia.org/course/solar-plant-design-master-rajshahi-bangladesh ",  "title": " solar plant design master rajshahi bangladesh "} },
{ "page": { "link": "https://istindia.org/course/solar-plant-design-master-mymensingh-bangladesh ",  "title": " solar plant design master mymensingh bangladesh "} },
{ "page": { "link": "https://istindia.org/course/solar-plant-design-master-sylhet-bangladesh ",  "title": " solar plant design master sylhet bangladesh "} },
{ "page": { "link": "https://istindia.org/course/solar-plant-design-master-dhaka-bangladesh ",  "title": " solar plant design master dhaka bangladesh "} },
{ "page": { "link": "https://istindia.org/course/solar-plant-design-master-narayanganj-bangladesh ",  "title": " solar plant design master narayanganj bangladesh "} },
{ "page": { "link": "https://istindia.org/course/solar-plant-design-master-cumilla-bangladesh ",  "title": " solar plant design master cumilla bangladesh "} },
{ "page": { "link": "https://istindia.org/course/solar-plant-design-master-khulna-bangladesh ",  "title": " solar plant design master khulna bangladesh "} },
{ "page": { "link": "https://istindia.org/course/solar-plant-design-master-barishal-bangladesh ",  "title": " solar plant design master barishal bangladesh "} },
{ "page": { "link": "https://istindia.org/course/solar-plant-design-master-patuakhali-bangladesh ",  "title": " solar plant design master patuakhali bangladesh "} },
{ "page": { "link": "https://istindia.org/course/solar-plant-design-master-barguna-bangladesh ",  "title": " solar plant design master barguna bangladesh "} },
{ "page": { "link": "https://istindia.org/course/solar-plant-design-master-chattogram-bangladesh ",  "title": " solar plant design master chattogram bangladesh "} },
{ "page": { "link": "https://istindia.org/course/solar-plant-design-master-hanoi-vietnam ",  "title": " solar plant design master hanoi vietnam "} },
{ "page": { "link": "https://istindia.org/course/solar-plant-design-master-haiphong-vietnam ",  "title": " solar plant design master haiphong vietnam "} },
{ "page": { "link": "https://istindia.org/course/solar-plant-design-master-thanh-H처a-vietnam ",  "title": " solar plant design master thanh H처a vietnam "} },
{ "page": { "link": "https://istindia.org/course/solar-plant-design-master-da-nang-vietnam ",  "title": " solar plant design master da nang vietnam "} },
{ "page": { "link": "https://istindia.org/course/solar-plant-design-master-pleiku-vietnam ",  "title": " solar plant design master pleiku vietnam "} },
{ "page": { "link": "https://istindia.org/course/solar-plant-design-master-phnom-penh-cambodia ",  "title": " solar plant design master phnom penh cambodia "} },
{ "page": { "link": "https://istindia.org/course/solar-plant-design-master-bangkok-thailand ",  "title": " solar plant design master bangkok thailand "} },
{ "page": { "link": "https://istindia.org/course/solar-plant-design-master-pattaya-city-thailand ",  "title": " solar plant design master pattaya city thailand "} },
{ "page": { "link": "https://istindia.org/course/solar-installation-courses-in-kenya ",  "title": " solar installation courses in kenya "} },
{ "page": { "link": "https://istindia.org/course/solar-installation-courses-in-zimbabwe ",  "title": " solar installation courses in zimbabwe "} },
{ "page": { "link": "https://istindia.org/course/solar-panel-installation-course-scotland ",  "title": " solar panel installation course scotland "} },
{ "page": { "link": "https://istindia.org/course/solar-panel-installation-course-ireland ",  "title": " solar panel installation course ireland "} },
{ "page": { "link": "https://istindia.org/course/solar-panel-installation-course-toronto ",  "title": " solar panel installation course toronto "} },
{ "page": { "link": "https://istindia.org/course/solar-energy-courses-in-malaysia ",  "title": " solar energy courses in malaysia "} },
{ "page": { "link": "https://istindia.org/course/solar-training-course-whangarei-new-zealand ",  "title": " solar training course whangarei new zealand "} },
{ "page": { "link": "https://istindia.org/course/solar-training-course-hamilton-new-zealand ",  "title": " solar training course hamilton new zealand "} },
{ "page": { "link": "https://istindia.org/course/solar-training-course-tauranga-new-zealand ",  "title": " solar training course tauranga new zealand "} },
{ "page": { "link": "https://istindia.org/course/solar-training-course-palmerston-north-new-zealand ",  "title": " solar training course palmerston north new zealand "} },
{ "page": { "link": "https://istindia.org/course/solar-training-course-wellington-new-zealand ",  "title": " solar training course wellington new zealand "} },
{ "page": { "link": "https://istindia.org/course/solar-training-course-picton-new-zealand ",  "title": " solar training course picton new zealand "} },
{ "page": { "link": "https://istindia.org/course/solar-training-course-christchurch-new-zealand ",  "title": " solar training course christchurch new zealand "} },
{ "page": { "link": "https://istindia.org/course/solar-training-course-dunedin-new-zealand ",  "title": " solar training course dunedin new zealand "} },
{ "page": { "link": "https://istindia.org/course/solar-training-course-invercargill-new-zealand ",  "title": " solar training course invercargill new zealand "} },
{ "page": { "link": "https://istindia.org/course/solar-training-courses-in-south-africa ",  "title": " solar training courses in south africa "} },
{ "page": { "link": "https://istindia.org/course/solar-training-courses-in-pretoria ",  "title": " solar training courses in pretoria "} },
{ "page": { "link": "https://istindia.org/course/solar-training-courses-uk ",  "title": " solar training courses uk "} },
{ "page": { "link": "https://istindia.org/course/solar-training-courses-brisbane ",  "title": " solar training courses brisbane "} },
{ "page": { "link": "https://istindia.org/course/solar-training-courses-california ",  "title": " solar training courses california "} },
{ "page": { "link": "https://istindia.org/course/solar-training-courses-florida ",  "title": " solar training courses florida "} },
{ "page": { "link": "https://istindia.org/course/solar-panel-training-courses-in-south-africa ",  "title": " solar panel training courses in south africa "} },
{ "page": { "link": "https://istindia.org/course/solar-energy-training-courses-in-south-africa ",  "title": " solar energy training courses in south africa "} },
{ "page": { "link": "https://istindia.org/course/solar-training-course-in-johannesburg ",  "title": " solar training course in johannesburg "} },
{ "page": { "link": "https://istindia.org/course/free-government-solar-training-south-africa ",  "title": " free government solar training south africa "} },
{ "page": { "link": "https://istindia.org/course/solar-course-melbourne ",  "title": " solar course melbourne "} },
{ "page": { "link": "https://istindia.org/course/solar-course-sydney ",  "title": " solar course sydney "} },
{ "page": { "link": "https://istindia.org/course/solar-course-nsw ",  "title": " solar course nsw "} },
{ "page": { "link": "https://istindia.org/course/solar-course-perth ",  "title": " solar course perth "} },
{ "page": { "link": "https://istindia.org/course/solar-course-adelaide ",  "title": " solar course adelaide "} },
{ "page": { "link": "https://istindia.org/course/solar-course-qld ",  "title": " solar course qld "} },
{ "page": { "link": "https://istindia.org/course/solar-energy-courses-south-africa ",  "title": " solar energy courses south africa "} },
{ "page": { "link": "https://istindia.org/course/solar-energy-courses-ireland ",  "title": " solar energy courses ireland "} },
{ "page": { "link": "https://istindia.org/course/solar-energy-courses-australia ",  "title": " solar energy courses australia "} },
{ "page": { "link": "https://istindia.org/course/renewable-energy-courses-unisa ",  "title": " renewable energy courses unisa "} },
{ "page": { "link": "https://istindia.org/course/how-to-become-a-solar-installer-in-south-africa ",  "title": " how to become a solar installer in south africa "} },
{ "page": { "link": "https://istindia.org/course/solar-training-durban ",  "title": " solar training durban "} },
{ "page": { "link": "https://istindia.org/course/solar-installation-course-port-elizabeth ",  "title": " solar installation course port elizabeth "} },
{ "page": { "link": "https://istindia.org/course/renewable-energy-courses-in-south-africa ",  "title": " renewable energy courses in south africa "} },
{ "page": { "link": "https://istindia.org/course/south-african-renewable-energy ",  "title": " south african renewable energy "} },
{ "page": { "link": "https://istindia.org/course/solar-design-course-melbourne ",  "title": " solar design course melbourne "} },
{ "page": { "link": "https://istindia.org/course/solar-design-course-adelaide ",  "title": " solar design course adelaide "} },
{ "page": { "link": "https://istindia.org/course/solar-design-course-brisbane ",  "title": " solar design course brisbane "} },
{ "page": { "link": "https://istindia.org/course/solar-panel-installation-course-canada ",  "title": " solar panel installation course canada "} },
{ "page": { "link": "https://istindia.org/course/solar-panel-installation-course-edmonton ",  "title": " solar panel installation course edmonton "} },
{ "page": { "link": "https://istindia.org/course/solar-panel-installation-course-sydney ",  "title": " solar panel installation course sydney "} },
{ "page": { "link": "https://istindia.org/course/solar-panel-installation-course-singapore ",  "title": " solar panel installation course singapore "} },
{ "page": { "link": "https://istindia.org/course/solar-panel-installation-course-alberta ",  "title": " solar panel installation course alberta "} },
{ "page": { "link": "https://istindia.org/course/sait-solar-panel-installation-course ",  "title": " sait solar panel installation course "} },
{ "page": { "link": "https://istindia.org/course/best-solar-panel-installation-course ",  "title": " best solar panel installation course "} },
{ "page": { "link": "https://istindia.org/course/solar-panel-installation-courses-cape-town ",  "title": " solar panel installation courses cape town "} },
{ "page": { "link": "https://istindia.org/course/international-solar-energy-training-institute-of-solar-technolog ",  "title": " international solar energy training institute of solar technolog "} },
{ "page": { "link": "https://istindia.org/course/international-solar-training-network-IST ",  "title": " international solar training network IST "} },
{ "page": { "link": "https://istindia.org/course/renewable-energy-solar-training-institute-in-nigeria ",  "title": " renewable energy solar training institute in nigeria "} },
{ "page": { "link": "https://istindia.org/course/botswana-solar-training-institute ",  "title": " botswana solar training institute "} },
{ "page": { "link": "https://istindia.org/course/solar-training-courses-botswana ",  "title": " solar training courses botswana "} },
{ "page": { "link": "https://istindia.org/course/training-botswana-renewable-energy-development. ",  "title": " training botswana renewable energy development. "} },
{ "page": { "link": "https://istindia.org/course/solar-batteries-botswana ",  "title": " solar batteries botswana "} },
{ "page": { "link": "https://istindia.org/course/botswana-solar-panels-prices ",  "title": " botswana solar panels prices "} },
{ "page": { "link": "https://istindia.org/course/solar-one-botswana ",  "title": " solar one botswana "} },
{ "page": { "link": "https://istindia.org/course/solar-world-botswana ",  "title": " solar world botswana "} },
{ "page": { "link": "https://istindia.org/course/solar-grip ",  "title": " solar grip "} },
{ "page": { "link": "https://istindia.org/course/bw-solar ",  "title": " bw solar "} },
{ "page": { "link": "https://istindia.org/course/so-solar ",  "title": " so solar "} },
{ "page": { "link": "https://istindia.org/course/grit-tech ",  "title": " grit tech "} },
{ "page": { "link": "https://istindia.org/course/lithium-ion-battery-training-at-cape-town-sa ",  "title": " lithium ion battery training at cape town sa "} },
{ "page": { "link": "https://istindia.org/course/lithium-ion-battery-training-at-gqebertha-sa ",  "title": " lithium ion battery training at gqebertha sa "} },
{ "page": { "link": "https://istindia.org/course/lithium-ion-battery-training-at-port-elizabeth-sa ",  "title": " lithium ion battery training at port elizabeth sa "} },
{ "page": { "link": "https://istindia.org/course/bloemfontein-sa ",  "title": " bloemfontein sa "} },
{ "page": { "link": "https://istindia.org/course/johannesburg-sa ",  "title": " johannesburg sa "} },
{ "page": { "link": "https://istindia.org/course/lithium-production-in-south-africa ",  "title": " lithium production in south africa "} },
{ "page": { "link": "https://istindia.org/course/automotive-battery-manufacturers-in-south-africa ",  "title": " automotive battery manufacturers in south africa "} },
{ "page": { "link": "https://istindia.org/course/lithium-batteries-suppliers-south-africa ",  "title": " lithium batteries suppliers south africa "} },
{ "page": { "link": "https://istindia.org/course/solar-energy-training-in-nigeria ",  "title": " solar energy training in nigeria "} },
{ "page": { "link": "https://istindia.org/course/free-solar-training-in-nigeria ",  "title": " free solar training in nigeria "} },
{ "page": { "link": "https://istindia.org/course/solar-classes-and-courses-in-nigeria ",  "title": " solar classes and courses in nigeria "} },
{ "page": { "link": "https://istindia.org/course/zera-solar-training ",  "title": " zera solar training "} },
{ "page": { "link": "https://istindia.org/course/solar-power-installation-training-in-zimbabwe ",  "title": " solar power installation training in zimbabwe "} },
{ "page": { "link": "https://istindia.org/course/solar-academy-zimbabwe- ",  "title": " solar academy zimbabwe  "} },
{ "page": { "link": "https://istindia.org/course/solar-powerplant-design-course-zimbabwe ",  "title": " solar powerplant design course zimbabwe "} },
{ "page": { "link": "https://istindia.org/course/renewable-energy-education-and-training-in-zimbabwe ",  "title": " renewable energy education and training in zimbabwe "} },
{ "page": { "link": "https://istindia.org/course/solar-training-and-education-in-tanzania ",  "title": " solar training and education in tanzania "} },
{ "page": { "link": "https://istindia.org/course/solar-kiosk-tanzania ",  "title": " solar kiosk tanzania "} },
{ "page": { "link": "https://istindia.org/course/sundar-solar-tanzania ",  "title": " sundar solar tanzania "} },
{ "page": { "link": "https://istindia.org/course/solar-freezer-tanzania ",  "title": " solar freezer tanzania "} },
{ "page": { "link": "https://istindia.org/course/solar-panel-price-in-tanzania ",  "title": " solar panel price in tanzania "} },
{ "page": { "link": "https://istindia.org/course/solar-farms-in-tanzania ",  "title": " solar farms in tanzania "} },
{ "page": { "link": "https://istindia.org/course/solar-energy-in-tanzania ",  "title": " solar energy in tanzania "} },
{ "page": { "link": "https://istindia.org/course/south-african-renewable-energy-technology ",  "title": " south african renewable energy technology "} },
{ "page": { "link": "https://istindia.org/course/international-training-course-on-solar-sudan-tanzania-uganda-venezuela-and-zambia ",  "title": " international training course on solar sudan tanzania uganda venezuela and zambia "} },
{ "page": { "link": "https://istindia.org/course/vocational-training-in-zanzibar-islands-of-tanzania ",  "title": " vocational training in zanzibar islands of tanzania "} },
{ "page": { "link": "https://istindia.org/course/tanzania-renewable-energy ",  "title": " tanzania renewable energy "} },
{ "page": { "link": "https://istindia.org/course/celebrating-the-solar-mamas ",  "title": " celebrating the solar mamas "} },
{ "page": { "link": "https://istindia.org/course/madagascar-opportunities-for-solar-business ",  "title": " madagascar opportunities for solar business "} },
{ "page": { "link": "https://istindia.org/course/solar-home-system-suppliers-madagascar ",  "title": " solar home system suppliers madagascar "} },
{ "page": { "link": "https://istindia.org/course/training-and-certification-of-the-technicians-madagascar-mw-solar-project ",  "title": " training and certification of the technicians madagascar mw solar project "} },
{ "page": { "link": "https://istindia.org/course/help-them-to-grow-their-business-with-training-at-madagascar ",  "title": " help them to grow their business with training at madagascar "} },
{ "page": { "link": "https://istindia.org/course/madagascar-solar-energy ",  "title": " madagascar solar energy "} },
{ "page": { "link": "https://istindia.org/course/madagascar-solar-tender ",  "title": " madagascar solar tender "} },
{ "page": { "link": "https://istindia.org/course/madagascar-electricity ",  "title": " madagascar electricity "} },
{ "page": { "link": "https://istindia.org/course/madagascar-energy-policy ",  "title": " madagascar energy policy "} },
{ "page": { "link": "https://istindia.org/course/madagascar-renewable-energy ",  "title": " madagascar renewable energy "} },
{ "page": { "link": "https://istindia.org/course/madagascar-scaling-solar ",  "title": " madagascar scaling solar "} },
{ "page": { "link": "https://istindia.org/course/non-renewable-resources-in-madagascar ",  "title": " non renewable resources in madagascar "} },
{ "page": { "link": "https://istindia.org/course/scaling-solar-senegal ",  "title": " scaling solar senegal "} },
{ "page": { "link": "https://istindia.org/course/pv-solar-course-port-louis-mauritius ",  "title": " pv solar course port louis mauritius "} },
{ "page": { "link": "https://istindia.org/course/rooftop-solar-training-mahebourg-mauritius ",  "title": " rooftop solar training mahebourg mauritius "} },
{ "page": { "link": "https://istindia.org/course/solar-panel-installation-training-quatre-bornes-mauritius ",  "title": " solar panel installation training quatre bornes mauritius "} },
{ "page": { "link": "https://istindia.org/course/pv-solar-technician-course-martindale-mauritius ",  "title": " pv solar technician course martindale mauritius "} },
{ "page": { "link": "https://istindia.org/course/offgrid-solar-training-at-goodlands-mauritius ",  "title": " offgrid solar training at goodlands mauritius "} },
{ "page": { "link": "https://istindia.org/course/rooftop-off-grid-solar-training-at-abuja-nigeria ",  "title": " rooftop off grid solar training at abuja nigeria "} },
{ "page": { "link": "https://istindia.org/course/lagos-nigeria-solar-training-institute ",  "title": " lagos nigeria solar training institute "} },
{ "page": { "link": "https://istindia.org/course/solar-training-near-kano-nigeria ",  "title": " solar training near kano nigeria "} },
{ "page": { "link": "https://istindia.org/course/pv-solar-business-course-near-ibadan-nigeria ",  "title": " pv solar business course near ibadan nigeria "} },
{ "page": { "link": "https://istindia.org/course/pv-solar-training-courses-benin-city-nigeria ",  "title": " pv solar training courses benin city nigeria "} },
{ "page": { "link": "https://istindia.org/course/lokoja-nigeria-solar-installer ",  "title": " lokoja nigeria solar installer "} },
{ "page": { "link": "https://istindia.org/course/solar-panel-installer-training-at-enugu-nigeria ",  "title": " solar panel installer training at enugu nigeria "} },
{ "page": { "link": "https://istindia.org/course/best-solar-training-institute-in-maiduguri-nigeria ",  "title": " best solar training institute in maiduguri nigeria "} },
{ "page": { "link": "https://istindia.org/course/solar-powerplant-design-course-harare-zimbabwe ",  "title": " solar powerplant design course harare zimbabwe "} },
{ "page": { "link": "https://istindia.org/course/solar-engineering-courses-abu-dhabi-uae ",  "title": " solar engineering courses abu dhabi uae "} },
{ "page": { "link": "https://istindia.org/course/solar-power-plant-design-course-dubai-uniter-arab ",  "title": " solar power plant design course dubai uniter arab "} },
{ "page": { "link": "https://istindia.org/course/pv-solar-system-engineering-course-sharjah-united-arab ",  "title": " pv solar system engineering course sharjah united arab "} },
{ "page": { "link": "https://istindia.org/course/pv-solar-technician-courses-muscat-oman ",  "title": " pv solar technician courses muscat oman "} },
{ "page": { "link": "https://istindia.org/course/solar-training-riyadh-saudi ",  "title": " solar training riyadh saudi "} },
{ "page": { "link": "https://istindia.org/course/solar-power-training-institute-bogota-colombia ",  "title": " solar power training institute bogota colombia "} },
{ "page": { "link": "https://istindia.org/course/rooftop-solar-power-plant-design-course-medellin-colombia ",  "title": " rooftop solar power plant design course medellin colombia "} },
{ "page": { "link": "https://istindia.org/course/MW-solar-power-plant-course-barranquilla-colombia ",  "title": " MW solar power plant course barranquilla colombia "} },
{ "page": { "link": "https://istindia.org/course/off-grid-and-on-grid-solar-engineering-course-cali-colombia ",  "title": " off grid and on grid solar engineering course cali colombia "} },
{ "page": { "link": "https://istindia.org/course/rooftop-solar-course-cape-town-south-africa ",  "title": " rooftop solar course cape town south africa "} },
{ "page": { "link": "https://istindia.org/course/solar-off-grid-design-course-port-elizabeth-south-africa ",  "title": " solar off grid design course port elizabeth south africa "} },
{ "page": { "link": "https://istindia.org/course/solar-power-plant-installation-training-bloemfontein-south-africa ",  "title": " solar power plant installation training bloemfontein south africa "} },
{ "page": { "link": "https://istindia.org/course/durban-south-africa-solar-training-institute ",  "title": " durban south africa solar training institute "} },
{ "page": { "link": "https://istindia.org/course/solar-training-johannesburg-south-africa ",  "title": " solar training johannesburg south africa "} },
{ "page": { "link": "https://istindia.org/course/renewable-energy-courses-in-kenya ",  "title": " renewable energy courses in kenya "} },
{ "page": { "link": "https://istindia.org/course/renewable-energy-courses-uk ",  "title": " renewable energy courses uk "} },
{ "page": { "link": "https://istindia.org/course/renewable-energy-courses-singapore ",  "title": " renewable energy courses singapore "} },
{ "page": { "link": "https://istindia.org/course/institute-of-solar-technology-dhaka ",  "title": " institute of solar technology dhaka "} },
{ "page": { "link": "https://istindia.org/course/renewable-energy-courses-in-canada ",  "title": " renewable energy courses in canada "} },
{ "page": { "link": "https://istindia.org/course/solar-installation-course-tafe ",  "title": " solar installation course tafe "} },
{ "page": { "link": "https://istindia.org/course/solar-installation-course-online ",  "title": " solar installation course online "} },
{ "page": { "link": "https://istindia.org/course/solar-installation-course-cape-town ",  "title": " solar installation course cape town "} },
{ "page": { "link": "https://istindia.org/course/solar-installation-course-sydney ",  "title": " solar installation course sydney "} },
{ "page": { "link": "https://istindia.org/course/solar-installation-course-durban ",  "title": " solar installation course durban "} },
{ "page": { "link": "https://istindia.org/course/solar-installation-course-nz ",  "title": " solar installation course nz "} },
{ "page": { "link": "https://istindia.org/course/solar-installation-course-perth ",  "title": " solar installation course perth "} },
{ "page": { "link": "https://istindia.org/course/solar-installation-course-melbourne ",  "title": " solar installation course melbourne "} },
{ "page": { "link": "https://istindia.org/course/solar-installation-course-uk ",  "title": " solar installation course uk "} }
] } } 
